Workbook

Sheet Kostenoverzicht
A1: Kostenoverzicht werkzaamheden Roodehaan
A2: Bekende bedragen worden per veld gesubtotaliseerd; open posten zijn geel gemarkeerd en als TBD aangeduid. Eenheidsprijzen worden waar mogelijk automatisch uit het totaalbedrag berekend.
A4: Veld | B4: Nr. | C4: Type / werkzaamheden | D4: Hoeveelheid | E4: Eenheid | F4: Eenheidsprijs (€) | G4: Subtotaal (€) | H4: Status / opmerking
A5: Roodehaan 2B | B5: 1 | C5: Betonblokken/bakken plaatsen met reflecterende markering om hoeken van tafels te markeren | D5: 2 | E5: stuks | F5: =IF(AND(D5<>"",G5<>""),G5/D5,"") -> 795 | G5: 1590 | H5: Bekend
A6: Roodehaan 2B | B6: 2 | C6: Betonnen U-elementen zetten bij kabels onder 28 tafels (ca. 2 stuks per tafel) | D6: 56 | E6: stuks | F6: =IF(AND(D6<>"",G6<>""),G6/D6,"") -> 115 | G6: 6440 | H6: Bekend; hoeveelheid ca. 56 stuks
A7: Roodehaan 2B | B7: 3 | C7: Dam aanvullen met granulaat en duiker vervangen | D7: 1 | E7: post | F7: =IF(AND(D7<>"",G7<>""),G7/D7,"") -> 2375 | G7: 2375 | H7: Bekend
A8: Roodehaan 2B | B8: 4 | C8: Opslagterrein leegruimen (excl. verwerkingskosten gemeente) | D8: 1 | E8: post | F8: =IF(AND(D8<>"",G8<>""),G8/D8,"") -> 3500 | G8: 3500 | H8: Bekend; als post opgenomen (hoeveelheid/eenheid ontbraken in origineel)
A9: Roodehaan 2B | B9: 5 | C9: Cameras: Sleuven maken en mantelbuizen aanbrengen, incl. ca. 10 cm zand onder en boven de buis | F9: =IF(AND(D9<>"",G9<>""),G9/D9,"") | H9: TBD; hoeveelheid en prijs nog te bepalen
C10: Subtotaal Roodehaan 2B | G10: =SUM(G5:G9) -> 13905 | H10: 1 open post(en)
A12: Roodehaan 4 | B12: 1 | C12: Cameras: Sleuven maken en mantelbuizen aanbrengen, incl. ca. 10 cm zand onder en boven de buis | D12: 900 | E12: m1 | F12: =IF(AND(D12<>"",G12<>""),G12/D12,"") | H12: TBD; prijs nog te bepalen
A13: Roodehaan 4 | B13: 2 | C13: Aanbrengen asfaltgranulaat volgens schets, incl. aanvulling rondom powerstation | D13: 600 | E13: m1 | F13: =IF(AND(D13<>"",G13<>""),G13/D13,"") -> 25 | G13: 15000 | H13: Voorlopig alleen weg zuidzijde en rond transformator (dus eerder richting EUR 15K i.p.v. EUR 28.250)
A14: Roodehaan 4 | B14: 3 | C14: Overlagen bestaande toegangsweg RH1 | D14: 200 | E14: m1 | F14: =IF(AND(D14<>"",G14<>""),G14/D14,"") -> 18.75 | G14: 3750 | H14: Bekend
C15: Subtotaal Roodehaan 4 | G15: =SUM(G12:G14) -> 18750 | H15: 1 open post(en)
A17: Roodehaan 2A | B17: 1 | C17: Rond transformator aanvullen met zand, incl. levering zand | D17: 1 | E17: post | F17: =IF(AND(D17<>"",G17<>""),G17/D17,"") -> 1775 | G17: 1775 | H17: Bekend
A18: Roodehaan 2A | B18: 2 | C18: Resterende omvormers voorzien van grindplaat | E18: post | F18: =IF(AND(D18<>"",G18<>""),G18/D18,"") | H18: TBD
A19: Roodehaan 2A | B19: 3 | C19: Aanleggen bouwweg rond powerstation en extra stuk volgens schets | E19: post | F19: =IF(AND(D19<>"",G19<>""),G19/D19,"") | H19: TBD
A20: Roodehaan 2A | B20: 4 | C20: Sleuf frezen en mantelbuis aanbrengen incl. zand onder en boven de buis | D20: 500 | E20: m1 | F20: =IF(AND(D20<>"",G20<>""),G20/D20,"") | H20: TBD; prijs nog te bepalen
A21: Roodehaan 2A | B21: 4a | C21: Twee dammen plaatsen met eenvoudige duiker en grond | D21: 2 | E21: stuks | F21: =IF(AND(D21<>"",G21<>""),G21/D21,"") -> 1500 | G21: 3000 | H21: Bekend; ca.-prijs
A22: Roodehaan 2A | B22: 5 | C22: Betonblok/bak plaatsen met reflecterende markering om hoek van tafels te markeren | D22: 1 | E22: stuk | F22: =IF(AND(D22<>"",G22<>""),G22/D22,"") -> 795 | G22: 795 | H22: Bekend
A23: Roodehaan 2A | B23: 6 | C23: Betonblokken plaatsen t.b.v. versperren doorgang noord, incl. teelaarde voor beplanting | D23: 3 | E23: stuks | F23: =IF(AND(D23<>"",G23<>""),G23/D23,"") -> 650 | G23: 1950 | H23: Bekend
A24: Roodehaan 2A | B24: 7 | C24: Cameras: Sleuven maken en mantelbuizen aanbrengen, incl. ca. 10 cm zand onder en boven de buis | F24: =IF(AND(D24<>"",G24<>""),G24/D24,"") | H24: TBD; hoeveelheid en prijs nog te bepalen
C25: Subtotaal Roodehaan 2A | G25: =SUM(G17:G24) -> 7520 | H25: 4 open post(en)
C27: Totaal bekende kosten (alle velden) | G27: =G10+G15+G25 -> 40175
A29: Legenda: | C29: Geel gemarkeerde cellen in kolom G zijn nog in te vullen bedragen (TBD). Kolom F berekent de eenheidsprijs automatisch zodra hoeveelheid én subtotaal bekend zijn.

Sheet Samenvatting
A1: Samenvatting bekende kosten per veld
A3: Veld | B3: Bekende kosten (€) | C3: Open/TBD posten | D3: Aandeel bekende kosten | E3: Opmerking
A4: Roodehaan 2B | B4: =Kostenoverzicht!G10 -> 13905 | C4: =COUNTBLANK(Kostenoverzicht!G5:G9) -> 1 | D4: =IF($B$8=0,0,B4/$B$8) -> 0.34611077 | E4: 1 open post: cameras (sleuf/mantelbuis), hoeveelheid en prijs nog te bepalen
A5: Roodehaan 4 | B5: =Kostenoverzicht!G15 -> 18750 | C5: =COUNTBLANK(Kostenoverzicht!G12:G14) -> 1 | D5: =IF($B$8=0,0,B5/$B$8) -> 0.46670815 | E5: 1 open prijs: cameras sleuf/mantelbuis ca. 900 m1
A6: Roodehaan 2A | B6: =Kostenoverzicht!G25 -> 7520 | C6: =COUNTBLANK(Kostenoverzicht!G17:G24) -> 4 | D6: =IF($B$8=0,0,B6/$B$8) -> 0.18718108 | E6: 4 open posten: grindplaat omvormers, bouwweg, sleuf 500 m1 en cameras
A8: Totaal bekende kosten | B8: =SUM(B4:B6) -> 40175 | C8: =SUM(C4:C6) -> 6 | D8: =IF($B$8=0,0,SUM(D4:D6)) -> 1 | E8: Exclusief alle nog openstaande (TBD) posten
A10: Bedragen komen rechtstreeks uit de subtotalen op tabblad Kostenoverzicht; open posten tellen niet mee.
